,Country,Happiness Rank,Happiness Score,Economy,Family,Health,Freedom,Generosity,Corruption,Dystopia,Job Satisfaction,Region
0,Malta,27,6.52699995,1.343279839,1.488411665,0.8219442370000001,0.588767052,0.574730575,0.153066069,1.556862831,85.2,Western Europe
1,Zimbabwe,138,3.875,0.375846535,1.083095908,0.196763754,0.33638420700000005,0.189143494,0.095375381,1.597970247,56.3,Africa
2,Cyprus,65,5.620999812999999,1.3559380769999998,1.131363273,0.8447147009999999,0.355111539,0.27125430100000003,0.041237976,1.621249199,88.7,Eastern Europe
3,Iran,108,4.691999912,1.156873107,0.7115512490000001,0.639333189,0.249322608,0.387242913,0.048761073,1.498734951,70.3,Asia-Pacific
4,Mexico,25,6.578000069,1.153183818,1.21086216,0.709978998,0.412730008,0.120990433,0.132774115,2.837154865,82.4,Latin America
5,New Zealand,8,7.31400013,1.405706048,1.548195124,0.8167597059999999,0.61406213,0.500005126,0.382816702,2.046456337,88.6,Asia-Pacific
6,Poland,46,5.97300005,1.291787863,1.44571197,0.699475348,0.520342112,0.158465967,0.059307806,1.7977228159999998,86.9,Eastern Europe
7,Egypt,104,4.735000134,0.989701807,0.997471392,0.520187259,0.282110155,0.128631443,0.114381365,1.7021610740000002,75.1,Africa
8,Senegal,115,4.534999847,0.479309022,1.179691911,0.409362853,0.377922267,0.183468893,0.115460448,1.789646149,54.7,Africa
9,Moldova,56,5.837999821,0.72887063,1.251825571,0.589465201,0.240729049,0.208779126,0.010091286,2.807808399,70.0,Eastern Europe
10,Lebanon,88,5.224999905,1.074987531,1.129624248,0.735081077,0.288515985,0.264450759,0.03751383,1.695073843,72.3,Asia-Pacific
11,Tajikistan,96,5.040999889,0.524713635,1.271463275,0.529235125,0.471566707,0.248997644,0.146377146,1.84904933,81.3,Asia-Pacific
12,Azerbaijan,85,5.234000206,1.153601766,1.152400255,0.540775776,0.398155838,0.04526934,0.180987507,1.762481689,69.8,Asia-Pacific
13,Botswana,142,3.766000032,1.122094154,1.221554995,0.341755509,0.505196333,0.099348448,0.098583199,0.377913713,56.1,Africa
14,Cameroon,107,4.695000172,0.564305365,0.946018219,0.132892117,0.430388749,0.236298457,0.051306631,2.333645582,64.9,Africa
15,Malaysia,42,6.084000111,1.29121542,1.284646034,0.618784428,0.4022649820000001,0.41660893,0.065600708,2.004448891,85.0,Asia-Pacific
16,Qatar,35,6.375,1.870765686,1.27429688,0.710098088,0.604130983,0.33047387,0.439299256,1.14546442,87.8,Asia-Pacific
17,Myanmar,114,4.545000076,0.36711055,1.123235941,0.397522569,0.514492035,0.8380751609999999,0.188816205,1.115290403,72.0,Asia-Pacific
18,"Hong Kong S.A.R., China",71,5.472000122000001,1.551674843,1.262790918,0.943062425,0.490968645,0.374465793,0.293933749,0.554633141,81.5,Asia-Pacific
19,India,122,4.315000057,0.7922212479999999,0.754372597,0.455427617,0.469987005,0.231538489,0.092226885,1.519117117,71.5,Asia-Pacific
20,Bolivia,58,5.822999954,0.8337565659999999,1.227619052,0.47363025,0.558732927,0.225560725,0.060477726,2.443279028,84.7,Latin America
21,Sweden,9,7.28399992,1.494387269,1.478162169,0.830875158,0.612924099,0.385399252,0.384398729,2.097537994,92.7,Western Europe
23,Venezuela,82,5.25,1.128431201,1.431337595,0.617144227,0.153997123,0.06501963,0.064491123,1.789463758,90.1,Latin America
24,Kuwait,39,6.1050000189999984,1.6329524519999998,1.259698749,0.632105708,0.496337593,0.228289798,0.21515955,1.640425205,87.4,Asia-Pacific
25,South Africa,101,4.828999996,1.054698706,1.3847886319999998,0.18708007,0.479246736,0.13936238,0.072509497,1.5109086040000002,61.3,Africa
27,Slovenia,62,5.757999897,1.341205955,1.452518821,0.790828228,0.572575808,0.242649093,0.045128979000000013,1.3133172990000002,88.5,Eastern Europe
28,Somalia,93,5.151000023,0.022643184,0.721151352,0.113989137,0.602126956,0.291631311,0.282410324,3.11748457,79.9,Africa
29,Algeria,53,5.872000217,1.091864467,1.146217465,0.6175846460000001,0.233335808,0.069436647,0.14609611,2.567603827,68.6,Africa
30,Belgium,17,6.890999794,1.463780761,1.462312698,0.8180918690000001,0.539770722,0.231503338,0.251343131,2.124210358,91.1,Western Europe
31,Cambodia,129,4.168000221000002,0.601765096,1.006238341,0.429783404,0.633375823,0.385922968,0.068105951,1.042941093,78.9,Asia-Pacific
32,Bulgaria,105,4.714000225,1.161459088,1.4343794580000002,0.70821768,0.289231718,0.113177694,0.011051531000000002,0.996139288,74.9,Eastern Europe
33,Vietnam,94,5.073999882,0.788547575,1.277491331,0.652168989,0.571055591,0.234968051,0.08763323699999999,1.462318659,80.0,Asia-Pacific
34,Czech Republic,23,6.609000206,1.352682352,1.4338852169999998,0.7544440029999999,0.490946174,0.088106759,0.036872927,2.451861858,79.8,Western Europe
35,Libya,68,5.525000095,1.101803064,1.35756433,0.52016902,0.46573323,0.152073666,0.09261021,1.835011244,75.8,Africa
36,Mongolia,100,4.954999924,1.0272358659999998,1.493011236,0.557783484,0.394143969,0.33846423,0.032902289,1.111292362,82.2,Asia-Pacific
37,Afghanistan,141,3.79399991,0.401477218,0.581543326,0.180746779,0.10617952,0.311870933,0.06115783,2.150801182,80.0,Asia-Pacific
38,Uruguay,28,6.453999996,1.217559695,1.412227869,0.7192168240000001,0.5793922539999999,0.17509692899999998,0.178061873,2.1724095340000003,82.0,Latin America
39,Syria,152,3.461999893,0.7771531340000001,0.3961026070000001,0.500533342,0.081539445,0.493663728,0.151347131,1.061573505,62.7,Asia-Pacific
40,Burundi,154,2.904999971,0.091622569,0.629793584,0.151610792,0.059900753,0.204435185,0.084147945,1.6830241680000002,54.3,Africa
41,Uzbekistan,47,5.971000195,0.786441088,1.54896915,0.498272628,0.658248663,0.415983647,0.246528223,1.816913605,87.0,Asia-Pacific
42,United Kingdom,19,6.714000225,1.44163394,1.49646008,0.8053359390000001,0.508190036,0.492774159,0.265428066,1.704143524,87.4,Western Europe
44,France,31,6.441999912000001,1.430923462,1.3877768519999998,0.844465852,0.470222116,0.129762307,0.172502428,2.005954742,86.0,Western Europe
45,Tanzania,153,3.348999977,0.511135876,1.041989803,0.364509284,0.390017778,0.35425636200000005,0.066035107,0.621130466,57.8,Africa
46,Hungary,75,5.323999882,1.286011934,1.343133092,0.687763453,0.175863519,0.078401662,0.036636937,1.716459274,82.4,Eastern Europe
47,Iceland,3,7.504000187000001,1.48063302,1.610574007,0.8335521220000001,0.627162635,0.475540221,0.153526559,2.322715282,94.5,Western Europe
48,Chad,137,3.936000109,0.438012987,0.953855872,0.041134715,0.162342027,0.21611385,0.053581882,2.071238041,67.9,Africa
49,El Salvador,45,6.002999783,0.909784496,1.182125092,0.596018553,0.43245253,0.078257985,0.08998096,2.714593887,80.9,Latin America
50,Israel,11,7.212999821,1.375382423,1.376289964,0.838404,0.405988604,0.330082655,0.0852421,2.801757336,82.1,Asia-Pacific
51,Nepal,99,4.961999893,0.479820192,1.179283261,0.504130781,0.440305948,0.394096166,0.072975546,1.891241074,83.3,Asia-Pacific
52,Congo (Brazzaville),124,4.290999889,0.808964252,0.832044363,0.289957434,0.435025871,0.120852128,0.07961813400000001,1.7241356369999998,60.0,Africa
53,Togo,150,3.4949998860000004,0.305444717,0.43188253,0.247105569,0.380426139,0.196896151,0.095665015,1.837229252,44.8,Africa
54,Mali,127,4.190000057,0.476180494,1.281473398,0.169365674,0.306613743,0.183354199,0.104970247,1.668190956,53.7,Africa
55,Peru,63,5.715000152999999,1.035225272,1.218770385,0.6301661129999999,0.450002879,0.126819715,0.047049087,2.20726943,77.4,Latin America
56,Serbia,73,5.3949999810000016,1.069317579,1.258189797,0.650784671,0.208715528,0.220125884,0.040903781,1.947084427,68.5,Eastern Europe
58,Mauritius,64,5.629000187000001,1.189395547,1.20956099,0.638007462,0.491247326,0.360933751,0.042181555,1.697583914,86.0,Africa
59,Pakistan,80,5.269000053,0.7268835309999999,0.67269069,0.402047783,0.235215262,0.315446019,0.124348067,2.79248929,78.1,Asia-Pacific
60,Ghana,131,4.119999886,0.6672248239999999,0.873664737,0.295637727,0.423026294,0.256923944,0.02533637,1.5778675080000002,63.1,Africa
62,Mozambique,113,4.5500001910000005,0.23430565,0.870701015,0.106654435,0.480791092,0.322228104,0.179436386,2.355650902,70.8,Africa
63,Bangladesh,110,4.607999802,0.586682975,0.7351317409999999,0.533241034,0.478356659,0.172255352,0.123717859,1.978736162,77.7,Asia-Pacific
64,Lithuania,52,5.90199995,1.314582348,1.4735161069999998,0.62894994,0.234231785,0.010164657,0.011865643,2.228440523,79.4,Eastern Europe
65,Honduras,91,5.181000233,0.730573118,1.143944979,0.58256948,0.34807986,0.236188874,0.073345453,2.065811157,83.1,Latin America
66,Estonia,66,5.611000061,1.32087934,1.4766711,0.695168316,0.47913143,0.098890811,0.183248922,1.357508659,77.8,Eastern Europe
67,Nigeria,95,5.073999882,0.783756256,1.215770483,0.05691573,0.394952565,0.230947196,0.026121566,2.365390539,71.1,Africa
68,Kyrgyzstan,98,5.004000187,0.596220076,1.394238591,0.5534577970000001,0.454943389,0.428580374,0.039439179,1.536723137,76.0,Asia-Pacific
69,Japan,51,5.920000076,1.4169151780000002,1.436337829,0.913475871,0.505625546,0.120572768,0.163760737,1.363223553,74.0,Asia-Pacific
70,Belize,50,5.9559998510000005,0.907975316,1.081417799,0.450191766,0.547509372,0.240015641,0.096581072,2.631955624,84.1,Latin America
71,United States,14,6.993000031,1.546259284,1.419920564,0.7742866279999999,0.5057405229999999,0.392578781,0.135638788,2.218113422,85.3,North America
72,Niger,135,4.027999878,0.161925331,0.993025005,0.268505007,0.363658696,0.228673846,0.138572946,1.873983383,71.1,Africa
73,Ukraine,132,4.096000195,0.8946519490000001,1.394537568,0.575903952,0.122974776,0.270061463,0.023029471,0.814382315,72.3,Europe
74,United Arab Emirates,21,6.647999763,1.626343369,1.266410232,0.7267982359999999,0.60834527,0.360941947,0.324489564,1.734703541,79.8,Asia-Pacific
75,Germany,16,6.951000214,1.487923384,1.472520351,0.798950732,0.562511384,0.33626917,0.276731938,2.015769958,90.4,Western Europe
76,Latvia,54,5.849999905,1.260748625,1.4047149419999998,0.638566971,0.325707912,0.153074786,0.073842727,1.993655205,82.1,Eastern Europe
77,Kosovo,78,5.278999805,0.951484382,1.137853503,0.54145205,0.260287941,0.319931448,0.057471618,2.010540724,84.7,Eastern Europe
78,Switzerland,4,7.493999958,1.564979553,1.516911745,0.858131289,0.620070577,0.290549278,0.367007285,2.276716232,93.7,Western Europe
80,Macedonia,92,5.1750001910000005,1.064577937,1.2078930140000002,0.644948184,0.325905979,0.253760964,0.060277794,1.617469311,70.6,Eastern Europe
81,Canada,7,7.315999985,1.479204416,1.481348991,0.834557652,0.611100912,0.435539722,0.287371516,2.187264442,90.5,North America
82,Paraguay,70,5.493000031,0.932537317,1.50728488,0.579250693,0.473507792,0.224150658,0.091065913,1.68533349,84.5,Latin America
83,Zambia,116,4.513999939,0.636406779,1.003187299,0.257835895,0.461603492,0.249580145,0.07821355,1.826705456,55.2,Africa
84,Dominican Republic,86,5.230000018999999,1.079373837,1.402416706,0.574873745,0.552589834,0.18696785,0.113945253,1.31946516,72.7,Latin America
85,Palestinian Territories,103,4.775000095,0.716249228,1.155647159,0.565666974,0.254711062,0.114173174,0.08928260199999999,1.878890276,69.3,Asia-Pacific
86,Austria,13,7.006000042,1.487097263,1.459944963,0.8153284190000001,0.56776619,0.316472322,0.221060365,2.138506413,95.1,Western Europe
87,Albania,109,4.644000053,0.996192753,0.803685248,0.7311597470000001,0.381498635,0.201312944,0.039864216,1.490441561,73.3,Eastern Europe
88,Ivory Coast,128,4.179999828,0.603048921,0.90478003,0.04864217,0.447706193,0.20123747,0.130061775,1.844964266,55.3,Africa
89,Namibia,111,4.573999882,0.964434326,1.098470807,0.33861181100000004,0.520303547,0.077133745,0.093146972,1.481890202,85.4,Africa
90,Uganda,133,4.0809998510000005,0.381430715,1.129827738,0.217632607,0.443185955,0.325766057,0.05706971900000001,1.526362658,51.0,Africa
91,Italy,48,5.964000225,1.395066619,1.444923282,0.8531443479999999,0.256450713,0.17278964800000002,0.028028091,1.813312054,85.5,Western Europe
92,Costa Rica,12,7.078999996,1.109706283,1.416403651,0.759509265,0.58013165,0.214613229,0.100106589,2.898639202,89.9,Latin America
93,Iraq,117,4.497000217,1.102710485,0.978613198,0.50118047,0.28855553300000003,0.199637264,0.107215755,1.318907261,72.0,Asia-Pacific
94,Mauritania,123,4.291999817,0.648457289,1.27203083,0.28534928,0.096098043,0.201870024,0.136957005,1.651637316,61.7,Africa
95,Nicaragua,43,6.071000099,0.737299204,1.28721571,0.653095961,0.447551847,0.301674217,0.13068798199999998,2.513930559,82.3,Latin America
96,Georgia,125,4.285999775,0.950612664,0.570614934,0.649546981,0.309410036,0.054008815,0.251666635,1.500137806,55.9,Asia-Pacific
97,Denmark,2,7.521999836,1.4823830130000002,1.5511215930000002,0.792565525,0.6260067220000001,0.355280489,0.400770068,2.313707352,93.5,Western Europe
98,Armenia,121,4.375999928,0.900596738,1.0074837209999998,0.637524426,0.198303267,0.083488092,0.026674422000000003,1.5214991569999998,50.7,Asia-Pacific
99,Madagascar,144,3.644000053,0.305808693,0.913020372,0.375223309,0.189196765,0.20873253,0.067231975,1.584612608,45.3,Africa
100,Ecuador,44,6.007999897,1.000820398,1.286168814,0.6856362220000001,0.455198199,0.150112465,0.140134647,2.290352583,83.0,Latin America
101,Finland,5,7.468999863,1.443571925,1.540246725,0.80915767,0.6179508570000001,0.245482773,0.382611543,2.430181503,91.2,Western Europe
102,Burkina Faso,134,4.032000065,0.350227714,1.043280005,0.215844259,0.32436785100000004,0.250864685,0.120328106,1.727212906,56.2,Africa
103,Luxembourg,18,6.8629999160000015,1.7419435980000002,1.457583666,0.845089495,0.596627891,0.283180982,0.318834424,1.619512081,93.4,Western Europe
104,Slovakia,40,6.09800005,1.325393558,1.505059242,0.7127329109999999,0.295817465,0.136544481,0.024210852,2.097776651,81.4,Eastern Europe
105,Netherlands,6,7.376999855,1.503944635,1.4289392230000002,0.810696125,0.585384488,0.47048983,0.282661825,2.294804096,93.8,Western Europe
106,South Korea,55,5.837999821,1.4016784430000002,1.128274441,0.9002140759999999,0.257921666,0.206674367,0.063282669,1.880378008,74.0,Asia-Pacific
107,Guinea,149,3.506999969,0.24454993,0.791244686,0.194129139,0.348587513,0.264815092,0.110937618,1.5523118969999998,55.1,Africa
108,Kenya,112,4.552999973,0.560479462,1.067950726,0.30998835,0.452763766,0.444860309,0.064641319,1.651902199,52.0,Africa
109,Norway,1,7.537000179,1.616463184,1.53352356,0.796666503,0.635422587,0.362012237,0.315963835,2.277026653,94.6,Western Europe
110,Colombia,36,6.356999874,1.070622325,1.402182937,0.5950279239999999,0.477487415,0.149014473,0.046668742,2.616068125,82.7,Latin America
111,Guatemala,29,6.453999996,0.8720019459999999,1.255585194,0.54023999,0.531310618,0.283488393,0.077223279,2.8938910960000004,88.1,Latin America
112,Romania,57,5.824999809,1.217683911,1.15009129,0.685158312,0.4570037420000001,0.13351991800000002,0.004387901,2.176831484,75.1,Eastern Europe
113,Croatia,77,5.293000221000001,1.222556233,0.967983007,0.7012885209999999,0.255772293,0.248002976,0.04310311,1.854492426,77.1,Eastern Europe
114,Saudi Arabia,37,6.343999863,1.530623555,1.286677599,0.59014833,0.449750572,0.14761601400000002,0.273432255,2.065429688,85.7,Asia-Pacific
115,Argentina,24,6.598999977,1.185295463,1.440451145,0.6951370840000001,0.494519204,0.109457061,0.059739888,2.614005327,79.8,Latin America
116,Ethiopia,119,4.460000038,0.339233845,0.864669204,0.353409708,0.408842742,0.31265074,0.165455714,2.015743732,73.7,Africa
117,Jamaica,76,5.31099987,0.925579309,1.368218064,0.641022384,0.474307239,0.233818337,0.055267781,1.6123256680000002,78.1,Latin America
118,Thailand,32,6.423999786,1.127868772,1.425792456,0.647239029,0.580200732,0.57212311,0.031612735,2.039508343,93.7,Asia-Pacific
119,Congo (Kinshasa),126,4.28000021,0.092102349,1.229023457,0.191407025,0.235961348,0.246455833,0.060241356,2.2249586580000003,50.2,Africa
120,Turkmenistan,59,5.8220000270000005,1.130776763,1.4931491609999998,0.43772608,0.418271929,0.249924988,0.25927034,1.832909822,91.7,Asia-Pacific
121,Malawi,136,3.970000029,0.233442038,0.5125688310000001,0.315089583,0.466914654,0.28717047,0.072711654,2.081786156,51.8,Africa
122,Belarus,67,5.568999767,1.15655756,1.444945216,0.637714267,0.295400262,0.155137509,0.156313822,1.723232985,71.6,Eastern Europe
123,Spain,34,6.402999877999999,1.384397864,1.532090902,0.8889606,0.40878123,0.190133572,0.070914097,1.92775774,88.1,Western Europe
124,Haiti,145,3.602999926,0.368610263,0.640449822,0.27732113,0.030369857000000007,0.489203781,0.09987215,1.697167635,48.5,Latin America
125,Ireland,15,6.977000237,1.535706639,1.558231115,0.809782624,0.573110342,0.427858323,0.298388153,1.7738690380000002,91.5,Western Europe
126,Sudan,130,4.138999939,0.6595166920000001,1.21400857,0.290920824,0.014995855,0.182317451,0.08984752,1.68706584,56.7,Africa
127,Chile,20,6.65199995,1.25278461,1.2840249540000002,0.819479704,0.376895279,0.32666242100000004,0.082287982,2.509585857,79.8,Latin America
128,Panama,30,6.452000141,1.233748436,1.373192549,0.706156135,0.550026834,0.210556939,0.070983924,2.307199955,88.3,Latin America
129,Tunisia,102,4.804999828,1.007265806,0.86835146,0.613212049,0.28968069,0.049693357,0.086723149,1.89025116,68.4,Africa
130,Morocco,84,5.235000134,0.878114581,0.774864435,0.597710669,0.408158332,0.032209955,0.08776318300000001,2.456189394,64.8,Africa
131,Indonesia,81,5.262000083999999,0.995538592,1.274444699,0.492345721,0.443323463,0.6117045879999999,0.015317135,1.429476976,73.3,Asia-Pacific
132,Gabon,118,4.465000153,1.198210239,1.155620217,0.356578588,0.312328577,0.043785378,0.076046787,1.322916269,52.5,Africa
133,Rwanda,151,3.4709999560000004,0.368745893,0.945707023,0.326424807,0.581843853,0.252756029,0.455220014,0.540061235,51.7,Africa
134,Jordan,74,5.335999966,0.991012394,1.239088893,0.604590058,0.418421149,0.17217046,0.119803272,1.791176558,80.7,Asia-Pacific
135,China,79,5.2729997630000005,1.081165791,1.160837412,0.741415501,0.472787708,0.028806841,0.022794275,1.764938593,71.4,Asia-Pacific
136,Singapore,26,6.5720000270000005,1.69227767,1.353814363,0.949492395,0.549840569,0.34596598100000003,0.464307785,1.2163620000000002,91.0,Asia-Pacific
137,Montenegro,83,5.236999989,1.121129036,1.238376498,0.667464674,0.194989055,0.197911024,0.088174194,1.729191542,69.7,Eastern Europe
138,Yemen,146,3.592999935,0.5916834470000001,0.935382247,0.31008091600000004,0.249463722,0.104125209,0.056767423,1.345600605,58.9,Asia-Pacific
139,Liberia,148,3.532999992,0.119041793,0.8721179370000001,0.229918197,0.332881182,0.266549885,0.038948249,1.673285961,56.6,Africa
140,Bahrain,41,6.086999893,1.488412261,1.323110461,0.653133035,0.5367469189999999,0.17266848699999998,0.25704217,1.656149387,79.9,Asia-Pacific
141,Kazakhstan,60,5.818999767,1.28455627,1.384369016,0.606041551,0.437454283,0.201964423,0.119282886,1.784892559,79.5,Asia-Pacific
142,Benin,143,3.657000065,0.431085408,0.435299844,0.209930211,0.425962776,0.207948461,0.060929015,1.885630965,49.3,Africa
144,Philippines,72,5.429999828,0.857699215,1.253917575,0.468009055,0.5852146739999999,0.193513423,0.099331893,1.972604752,81.4,Asia-Pacific
145,Portugal,89,5.195000172,1.315175295,1.3670430180000002,0.7958435420000001,0.4984653,0.095102713,0.015869452,1.107682705,88.4,Western Europe
146,Trinidad and Tobago,38,6.168000221000002,1.361355901,1.380228519,0.519983292,0.518630743,0.325296462,0.008964816,2.053247452,82.1,Latin America
147,Brazil,22,6.635000229,1.10735321,1.431306005,0.616552353,0.437453747,0.162349895,0.111092761,2.769267082,79.8,Latin America
148,Australia,10,7.28399992,1.484414935,1.510041952,0.843886793,0.6016073820000001,0.47769925,0.30118373,2.0652108190000003,89.2,Asia-Pacific
149,Sierra Leone,106,4.709000111,0.368420929,0.984136045,0.005564754,0.318697691,0.293040901,0.071095176,2.668459892,59.2,Africa
150,Turkey,69,5.5,1.198274374,1.337753177,0.637605608,0.3007406,0.046693042,0.09967158,1.879277945,74.9,Asia-Pacific
151,Sri Lanka,120,4.440000057,1.009850144,1.259976387,0.6251308320000001,0.561213255,0.490863562,0.073653966,0.419389248,84.4,Asia-Pacific
152,Russia,49,5.962999821,1.281778097,1.469282389,0.547349334,0.373783112,0.052263822,0.032962881,2.205607414,74.6,Eastern Europe
